ringmember_age_blocks,freq
10,59
11,285
12,390
13,409
14,431
15,418
16,431
17,496
18,369
19,404
20,393
21,377
22,387
23,382
24,438
25,372
26,387
27,439
28,395
29,423
30,354
31,427
32,414
33,313
34,349
35,343
36,380
37,337
38,400
39,333
40,353
41,360
42,326
43,323
44,297
45,322
46,375
47,339
48,319
49,365
50,285
51,292
52,318
53,349
54,378
55,329
56,295
57,343
58,337
59,301
60,298
61,307
62,291
63,351
64,294
65,307
66,295
67,276
68,289
69,341
70,288
71,303
72,323
73,301
74,292
75,289
76,297
77,287
78,256
79,241
80,261
81,230
82,245
83,197
84,284
85,262
86,251
87,213
88,250
89,263
90,236
91,248
92,239
93,251
94,245
95,225
96,234
97,259
98,281
99,229
100,233
101,254
102,221
103,244
104,245
105,202
106,220
107,236
108,210
109,268
110,222
111,225
112,185
113,204
114,222
115,269
116,222
117,262
118,252
119,233
120,228
121,216
122,236
123,244
124,237
125,186
126,221
127,211
128,245
129,214
130,212
131,227
132,205
133,200
134,206
135,180
136,203
137,183
138,186
139,180
140,211
141,160
142,192
143,201
144,170
145,202
146,177
147,182
148,191
149,193
150,181
151,178
152,182
153,183
154,176
155,185
156,156
157,161
158,168
159,185
160,175
161,154
162,187
163,143
164,162
165,158
166,146
167,146
168,150
169,150
170,141
171,161
172,161
173,139
174,211
175,218
176,246
177,252
178,291
179,323
180,280
181,292
182,350
183,328
184,282
185,233
186,219
187,187
188,172
189,162
190,146
191,133
192,138
193,111
194,154
195,119
196,137
197,133
198,129
199,98
200,125
201,116
202,113
203,109
204,127
205,114
206,117
207,126
208,114
209,115
210,135
211,134
212,108
213,141
214,115
215,116
216,116
217,119
218,122
219,103
220,108
221,111
222,111
223,96
224,156
225,125
226,114
227,118
228,125
229,119
230,124
231,124
232,115
233,106
234,118
235,103
236,120
237,89
238,115
239,119
240,118
241,96
242,112
243,109
244,79
245,110
246,118
247,111
248,146
249,107
250,109
251,95
252,105
253,116
254,106
255,121
256,124
257,107
258,101
259,111
260,121
261,108
262,122
263,114
264,96
265,122
266,104
267,118
268,117
269,126
270,114
271,121
272,79
273,119
274,86
275,115
276,105
277,123
278,113
279,132
280,122
281,104
282,122
283,124
284,117
285,105
286,88
287,89
288,95
289,120
290,102
291,137
292,101
293,101
294,98
295,112
296,102
297,106
298,130
299,118
300,109
301,133
302,154
303,114
304,107
305,122
306,102
307,114
308,114
309,133
310,116
311,116
312,106
313,116
314,120
315,125
316,104
317,97
318,88
319,120
320,103
321,100
322,105
323,115
324,102
325,108
326,112
327,88
328,109
329,130
330,89
331,103
332,106
333,85
334,113
335,105
336,107
337,89
338,102
339,80
340,102
341,109
342,96
343,86
344,93
345,85
346,95
347,107
348,127
349,112
350,96
351,109
352,94
353,82
354,80
355,101
356,86
357,86
358,99
359,92
360,111
361,100
362,79
363,92
364,121
365,88
366,110
367,102
368,104
369,95
370,120
371,86
372,81
373,79
374,103
375,101
376,120
377,112
378,93
379,98
380,78
381,116
382,111
383,92
384,74
385,97
386,118
387,108
388,82
389,106
390,94
391,99
392,91
393,106
394,118
395,123
396,89
397,104
398,106
399,135
400,109
401,92
402,116
403,114
404,113
405,108
406,112
407,129
408,99
409,108
410,113
411,106
412,133
413,137
414,106
415,119
416,134
417,158
418,158
419,207
420,194
421,169
422,166
423,136
424,197
425,168
426,188
427,209
428,234
429,186
430,121
431,111
432,133
433,113
434,108
435,94
436,87
437,158
438,158
439,124
440,140
441,130
442,90
443,105
444,98
445,80
446,83
447,92
448,81
449,109
450,129
451,136
452,113
453,107
454,154
455,190
456,121
457,171
458,168
459,135
460,84
461,81
462,71
463,89
464,60
465,91
466,75
467,83
468,77
469,73
470,83
471,61
472,53
473,68
474,71
475,88
476,92
477,74
478,84
479,80
480,62
481,101
482,90
483,88
484,89
485,78
486,85
487,93
488,68
489,69
490,67
491,91
492,78
493,93
494,81
495,83
496,80
497,96
498,72
499,86
500,67
501,97
502,88
503,84
504,56
505,111
506,68
507,90
508,91
509,99
510,75
511,77
512,77
513,66
514,81
515,81
516,65
517,67
518,85
519,82
520,84
521,71
522,103
523,79
524,88
525,76
526,65
527,84
528,69
529,73
530,60
531,63
532,73
533,63
534,61
535,68
536,89
537,66
538,78
539,94
540,65
541,88
542,64
543,84
544,67
545,75
546,93
547,86
548,74
549,76
550,69
551,109
552,47
553,67
554,75
555,60
556,61
557,61
558,76
559,90
560,95
561,77
562,72
563,82
564,82
565,88
566,84
567,76
568,100
569,72
570,95
571,74
572,71
573,88
574,81
575,70
576,84
577,85
578,71
579,86
580,64
581,73
582,74
583,70
584,74
585,81
586,79
587,75
588,79
589,94
590,81
591,94
592,102
593,85
594,91
595,83
596,81
597,66
598,105
599,114
600,116
601,97
602,100
603,131
604,149
605,126
606,108
607,106
608,135
609,148
610,119
611,131
612,130
613,107
614,84
615,126
616,109
617,87
618,115
619,84
620,84
621,83
622,70
623,68
624,109
625,86
626,67
627,114
628,168
629,133
630,115
631,92
632,80
633,104
634,78
635,76
636,92
637,73
638,56
639,94
640,71
641,58
642,62
643,72
644,54
645,50
646,65
647,67
648,78
649,56
650,56
651,53
652,56
653,64
654,55
655,57
656,49
657,43
658,60
659,73
660,46
661,67
662,64
663,62
664,63
665,73
666,56
667,74
668,50
669,55
670,82
671,51
672,52
673,83
674,46
675,62
676,52
677,82
678,67
679,54
680,63
681,83
682,69
683,49
684,73
685,56
686,57
687,34
688,57
689,61
690,55
691,60
692,51
693,53
694,55
695,63
696,52
697,64
698,45
699,55
700,58
701,61
702,64
703,69
704,64
705,53
706,61
707,75
708,60
709,43
710,60
711,63
712,54
713,70
714,77
715,54
716,69
717,49
718,62
719,54
720,55
721,39
722,38
723,62
724,45
725,60
726,45
727,58
728,44
729,49
730,43
731,50
732,45
733,50
734,41
735,56
736,62
737,52
738,44
739,55
740,55
741,46
742,56
743,44
744,43
745,52
746,51
747,61
748,44
749,49
750,55
751,61
752,55
753,65
754,48
755,57
756,41
757,53
758,57
759,51
760,52
761,41
762,43
763,52
764,53
765,42
766,51
767,41
768,56
769,53
770,34
771,41
772,42
773,44
774,40
775,60
776,49
777,54
778,45
779,46
780,43
781,42
782,44
783,49
784,36
785,38
786,58
787,48
788,59
789,40
790,45
791,42
792,76
793,49
794,44
795,44
796,43
797,43
798,47
799,58
800,46
801,43
802,51
803,53
804,40
805,47
806,44
807,40
808,44
809,46
810,35
811,40
812,26
813,54
814,47
815,51
816,39
817,50
818,46
819,42
820,45
821,47
822,32
823,39
824,35
825,47
826,33
827,34
828,33
829,44
830,57
831,46
832,47
833,43
834,37
835,45
836,48
837,40
838,41
839,46
840,49
841,37
842,62
843,49
844,43
845,53
846,46
847,47
848,42
849,48
850,54
851,48
852,48
853,33
854,47
855,46
856,41
857,39
858,50
859,57
860,43
861,50
862,39
863,45
864,46
865,39
866,38
867,47
868,35
869,34
870,50
871,38
872,57
873,34
874,39
875,54
876,48
877,45
878,35
879,41
880,39
881,34
882,53
883,51
884,56
885,47
886,32
887,43
888,44
889,44
890,54
891,40
892,40
893,35
894,47
895,34
896,36
897,30
898,34
899,54
900,43
901,52
902,49
903,38
904,31
905,36
906,47
907,40
908,33
909,42
910,31
911,42
912,43
913,39
914,42
915,36
916,38
917,32
918,56
919,51
920,48
921,50
922,28
923,32
924,41
925,35
926,38
927,53
928,51
929,32
930,41
931,26
932,42
933,27
934,45
935,32
936,39
937,46
938,47
939,38
940,49
941,34
942,27
943,39
944,36
945,43
946,42
947,43
948,45
949,36
950,38
951,47
952,42
953,35
954,39
955,44
956,33
957,47
958,39
959,37
960,35
961,43
962,35
963,38
964,37
965,36
966,37
967,51
968,41
969,34
970,47
971,37
972,39
973,46
974,45
975,46
976,40
977,49
978,45
979,55
980,42
981,34
982,43
983,43
984,29
985,34
986,37
987,28
988,36
989,44
990,39
991,56
992,38
993,38
994,34
995,39
996,33
997,30
998,40
999,26
1000,33
1001,42
1002,42
1003,40
1004,34
1005,27
1006,43
1007,37
1008,28
1009,31
1010,33
1011,23
1012,32
1013,39
1014,37
1015,23
1016,28
1017,37
1018,33
1019,36
1020,37
1021,41
1022,41
1023,46
1024,37
1025,35
1026,35
1027,41
1028,48
1029,51
1030,37
1031,42
1032,53
1033,47
1034,38
1035,33
1036,38
1037,35
1038,23
1039,34
1040,38
1041,33
1042,47
1043,25
1044,26
1045,33
1046,34
1047,27
1048,43
1049,50
1050,29
1051,33
1052,24
1053,43
1054,40
1055,34
1056,34
1057,27
1058,31
1059,31
1060,44
1061,46
1062,38
1063,37
1064,44
1065,39
1066,39
1067,47
1068,41
1069,41
1070,35
1071,41
1072,47
1073,22
1074,33
1075,37
1076,34
1077,23
1078,34
1079,33
1080,44
1081,40
1082,44
1083,37
1084,44
1085,38
1086,39
1087,32
1088,25
1089,24
1090,40
1091,46
1092,37
1093,36
1094,30
1095,47
1096,34
1097,35
1098,41
1099,31
1100,30
1101,45
1102,39
1103,37
1104,29
1105,29
1106,39
1107,35
1108,25
1109,36
1110,31
1111,28
1112,38
1113,36
1114,30
1115,35
1116,33
1117,51
1118,31
1119,38
1120,36
1121,40
1122,33
1123,22
1124,33
1125,35
1126,33
1127,26
1128,28
1129,35
1130,30
1131,45
1132,34
1133,33
1134,31
1135,41
1136,43
1137,22
1138,33
1139,27
1140,40
1141,37
1142,40
1143,43
1144,37
1145,51
1146,44
1147,32
1148,33
1149,34
1150,22
1151,32
1152,37
1153,33
1154,30
1155,44
1156,31
1157,53
1158,45
1159,37
1160,42
1161,51
1162,41
1163,35
1164,38
1165,43
1166,35
1167,45
1168,28
1169,37
1170,34
1171,31
1172,32
1173,40
1174,24
1175,19
1176,39
1177,30
1178,31
1179,35
1180,31
1181,31
1182,39
1183,31
1184,35
1185,29
1186,31
1187,32
1188,31
1189,23
1190,36
1191,34
1192,33
1193,29
1194,30
1195,31
1196,27
1197,36
1198,32
1199,31
1200,34
1201,34
1202,41
1203,25
1204,43
1205,35
1206,45
1207,35
1208,41
1209,30
1210,32
1211,29
1212,35
1213,41
1214,33
1215,32
1216,34
1217,38
1218,34
1219,25
1220,25
1221,37
1222,28
1223,27
1224,26
1225,33
1226,34
1227,26
1228,25
1229,33
1230,39
1231,31
1232,27
1233,22
1234,35
1235,28
1236,31
1237,28
1238,34
1239,36
1240,29
1241,34
1242,27
1243,33
1244,27
1245,28
1246,30
1247,33
1248,36
1249,33
1250,45
1251,35
1252,38
1253,50
1254,34
1255,27
1256,35
1257,34
1258,22
1259,29
1260,31
1261,37
1262,40
1263,33
1264,40
1265,40
1266,43
1267,23
1268,23
1269,22
1270,24
1271,29
1272,35
1273,32
1274,39
1275,41
1276,22
1277,26
1278,29
1279,31
1280,29
1281,37
1282,30
1283,43
1284,45
1285,36
1286,48
1287,29
1288,28
1289,26
1290,36
1291,31
1292,28
1293,28
1294,24
1295,27
1296,21
1297,33
1298,25
1299,37
1300,33
1301,32
1302,37
1303,37
1304,35
1305,23
1306,34
1307,35
1308,32
1309,30
1310,36
1311,27
1312,25
1313,28
1314,24
1315,29
1316,24
1317,28
1318,38
1319,28
1320,34
1321,31
1322,31
1323,33
1324,29
1325,28
1326,31
1327,34
1328,31
1329,26
1330,23
1331,33
1332,32
1333,35
1334,27
1335,38
1336,31
1337,36
1338,33
1339,36
1340,25
1341,40
1342,36
1343,49
1344,42
1345,22
1346,29
1347,30
1348,24
1349,39
1350,23
1351,27
1352,27
1353,25
1354,17
1355,29
1356,21
1357,30
1358,34
1359,29
1360,23
1361,25
1362,28
1363,30
1364,30
1365,23
1366,24
1367,36
1368,26
1369,21
1370,20
1371,25
1372,20
1373,18
1374,30
1375,25
1376,26
1377,19
1378,26
1379,17
1380,39
1381,23
1382,21
1383,30
1384,24
1385,20
1386,24
1387,43
1388,27
1389,26
1390,37
1391,24
1392,15
1393,25
1394,30
1395,31
1396,26
1397,26
1398,26
1399,26
1400,28
